user_email,subscriber_id,gender,name,birth,profile_img,introduce,created_at,updated_at
zrobbins@hotmail.com,534,F,Mary,1958-08-31,https://placeimg.com/120/21/any,While movie surface many find.,2020-07-29 16:29:45,2022-08-14 05:52:10
sherriarnold@goodwin.com,859,M,William,1999-01-29,https://placekitten.com/623/1003,Job wear environment music foreign address forget.,2020-07-04 14:06:19,2021-08-30 16:48:49
bstanley@white.com,188,F,Ashley,1975-07-29,https://placeimg.com/440/190/any,Force law report true north also such.,2022-01-11 15:42:12,2020-04-04 09:24:28
jessicamunoz@gmail.com,661,F,Shari,1970-03-10,https://dummyimage.com/523x440,We war production force life.,2020-11-05 03:40:14,2023-05-10 16:59:25
tiffanyrogers@yahoo.com,874,M,Margaret,1980-04-10,https://www.lorempixel.com/779/420,Find development history fact thousand.,2021-05-19 17:35:55,2023-01-31 15:09:09
colleen91@curry-choi.com,160,M,Anna,1939-08-20,https://www.lorempixel.com/899/846,Determine provide president option.,2021-03-25 16:39:26,2025-07-14 22:31:26
wilsonjoshua@gmail.com,603,M,Vicki,2023-04-23,https://dummyimage.com/456x443,Sport probably lay able they yeah.,2025-01-19 13:46:21,2022-09-08 08:36:39
theresabean@fisher.com,137,M,Joseph,1985-06-20,https://dummyimage.com/445x473,Modern gun play race training.,2024-01-26 01:35:09,2022-05-03 02:29:47
chambersronald@gmail.com,234,F,Michael,2022-05-23,https://placeimg.com/959/287/any,Because last again past point our behind candidate.,2022-03-19 07:34:45,2025-04-06 16:41:52
jessica63@smith.org,154,F,John,1915-03-10,https://www.lorempixel.com/273/610,Likely quickly kid.,2024-12-21 14:54:55,2024-01-28 21:08:37
