post_id,userEmail,theme_component_id,design_component_id,post_type,title,content,created_at,updated_at
1,sherriarnold@goodwin.com,10,,review,Fish majority police program pull wish school election.,Create if appear sound. Tree throughout seven particularly season just system. Maintain suffer executive live painting sea for.,2022-04-13 18:41:21,2022-05-16 09:40:19
2,tiffanyrogers@yahoo.com,7,,review,Because way pass adult night work.,Third they some. Large offer nice note college effort. Level throw lose truth ground. Provide find join child you cup light.,2024-04-16 11:37:26,2023-08-27 17:44:39
3,sherriarnold@goodwin.com,6,,review,Nature increase boy difficult wait new different.,Current off speak glass develop above more. Though attorney who lead.,2024-08-21 13:04:18,2023-10-08 21:04:56
4,jessicamunoz@gmail.com,8,,share,Experience present region magazine.,Four hotel your spring collection sister candidate. Rather director find pressure other medical seem. Would response son chance. Could teach director wrong manage road tough.,2021-06-05 11:45:12,2022-05-17 18:25:41
5,zrobbins@hotmail.com,9,,share,Message test fast worry.,Production individual TV board. Board sound minute my even spend. Action safe window tend both experience sea.,2022-03-20 02:01:07,2022-09-23 19:45:40
6,bstanley@white.com,5,,share,She thus step pull throw him gun.,During school majority up myself yourself. Thus through successful performance create huge minute carry.,2023-06-20 21:02:11,2023-01-06 13:37:15
7,tiffanyrogers@yahoo.com,5,,review,Plan expert provide easy everybody maybe.,None modern fund base. Tell process medical to. Budget go today fall exactly.,2024-11-16 00:40:20,2020-07-29 13:09:30
8,sherriarnold@goodwin.com,4,,review,Tend response indicate.,Lay special write read. Task common far thus issue. Technology religious ready.,2022-06-29 04:09:20,2021-09-27 04:28:40
9,jessica63@smith.org,10,,share,Develop decision hard second science practice.,Generation food think. Notice what thing page feeling.,2022-09-29 14:45:16,2020-01-03 19:49:25
10,zrobbins@hotmail.com,6,,review,Commercial onto try take two force everything.,Military return little girl. Ground create carry guy quality behavior let. Foot draw happen single.,2024-06-23 00:44:00,2023-03-14 21:34:30
11,jessica63@smith.org,10,,share,Such mention attorney practice arrive network same.,Read grow if. Part hair contain word common but. Very back almost treatment better raise.,2024-02-27 01:34:52,2024-01-09 21:39:45
12,chambersronald@gmail.com,3,,share,Run particularly director anyone.,Interest answer bed present east each. Note front above.,2022-12-14 09:36:20,2021-08-25 20:56:00
13,chambersronald@gmail.com,10,,share,Sound ability ahead anyone concern road.,Various nearly federal experience wear. Large think left visit.,2022-09-22 08:02:22,2025-05-13 22:13:02
14,sherriarnold@goodwin.com,6,,review,Pick food never media try man.,Reason trip teach low left so. Growth sign population.,2020-04-04 22:41:47,2023-02-23 04:00:30
15,bstanley@white.com,5,,review,Writer sing tend race sometimes.,Human condition top into strong though. Also similar campaign cup wait relate issue. Must social remain report.,2025-03-04 19:43:26,2020-04-17 02:34:00
