comment_id,post_id,user_email,content,created_at,updated_at
1,3,bstanley@white.com,Fire ability fire return strong.,2023-07-31 16:45:36,2023-10-13 10:52:14
2,1,tiffanyrogers@yahoo.com,From television allow special it son local.,2020-11-22 23:26:51,2024-01-02 02:24:42
3,4,chambersronald@gmail.com,Win seat election option sing girl attorney.,2021-08-18 08:02:44,2020-01-31 13:02:47
4,12,theresabean@fisher.com,Option often where full first edge.,2021-04-10 15:17:16,2020-07-01 00:51:39
5,12,tiffanyrogers@yahoo.com,Both newspaper north southern professional major.,2022-05-31 08:29:23,2023-04-06 07:48:05
6,1,theresabean@fisher.com,Material town wall up house collection.,2021-06-03 18:06:01,2021-02-26 21:37:02
7,2,colleen91@curry-choi.com,Mr computer direction perform kitchen send factor.,2022-07-06 04:38:00,2022-12-01 17:15:19
8,9,zrobbins@hotmail.com,Data such life fall film central push color.,2021-07-21 10:14:59,2020-06-10 23:31:00
9,11,bstanley@white.com,Design wrong top level hotel lot learn.,2024-09-10 12:39:31,2024-08-13 04:37:08
10,3,jessica63@smith.org,Step play security same.,2022-10-29 02:47:23,2022-10-21 04:40:49
11,5,chambersronald@gmail.com,Tonight sort truth.,2024-08-19 19:03:35,2021-11-22 02:22:53
12,6,colleen91@curry-choi.com,Clear expert never lay range lot.,2021-03-26 02:11:17,2024-03-02 05:44:51
13,11,bstanley@white.com,Strong everyone game memory let media.,2020-12-21 17:13:15,2020-10-16 11:44:17
14,4,sherriarnold@goodwin.com,Condition happen serious none statement.,2020-12-28 13:54:30,2023-04-19 21:25:49
15,9,jessica63@smith.org,Else beyond drug war little meeting particularly.,2021-04-25 19:27:46,2023-02-06 15:17:38
16,10,sherriarnold@goodwin.com,Street since thank tonight risk structure animal week.,2025-06-08 01:24:08,2025-06-21 02:44:05
17,5,theresabean@fisher.com,New easy drop guy continue ten.,2020-07-12 06:12:54,2024-11-23 19:43:10
18,13,zrobbins@hotmail.com,Those product activity reveal focus alone.,2021-02-22 14:30:47,2023-02-21 16:59:30
19,3,colleen91@curry-choi.com,Reach be avoid foreign west parent school.,2021-02-22 22:20:11,2024-01-10 01:50:41
20,14,jessica63@smith.org,Responsibility agree specific reason little few seven.,2023-02-25 08:17:17,2022-01-16 19:35:29
21,14,theresabean@fisher.com,Reason city three couple meet open suggest.,2023-03-12 00:14:08,2024-12-20 17:26:19
22,14,sherriarnold@goodwin.com,Road determine drug religious.,2025-01-30 16:46:32,2024-02-03 00:52:47
23,10,jessica63@smith.org,Movie movie away style want friend.,2025-02-05 05:46:01,2020-06-26 02:55:34
24,6,theresabean@fisher.com,Role stuff consumer dinner simply chair or.,2025-02-22 11:34:09,2022-11-15 00:56:54
25,8,colleen91@curry-choi.com,Finish human avoid within low issue especially.,2021-06-01 18:04:53,2024-08-15 04:34:44
26,1,tiffanyrogers@yahoo.com,By door claim summer choice.,2024-03-15 20:59:26,2023-10-13 05:56:28
27,7,tiffanyrogers@yahoo.com,Cost sing inside without.,2021-12-02 05:46:48,2025-02-06 23:45:28
28,11,tiffanyrogers@yahoo.com,Service science since.,2025-01-20 05:28:10,2023-09-23 07:02:23
29,5,jessica63@smith.org,Less morning month report beyond skin.,2024-07-21 12:09:09,2024-05-12 03:01:11
30,4,jessicamunoz@gmail.com,Will hour without article different serious fear.,2024-12-14 14:32:30,2023-01-08 07:00:52
