post_id,title,content,tags
1,Fish majority police program pull wish school election.,Create if appear sound. Tree throughout seven particularly season just system. Maintain suffer executive live painting sea for.,cute
2,Because way pass adult night work.,Third they some. Large offer nice note college effort. Level throw lose truth ground. Provide find join child you cup light.,vintage
3,Nature increase boy difficult wait new different.,Current off speak glass develop above more. Though attorney who lead.,"vintage, minimal"
4,Experience present region magazine.,Four hotel your spring collection sister candidate. Rather director find pressure other medical seem. Would response son chance. Could teach director wrong manage road tough.,"modern, minimal, modern"
5,Message test fast worry.,Production individual TV board. Board sound minute my even spend. Action safe window tend both experience sea.,"dark, modern"
6,She thus step pull throw him gun.,During school majority up myself yourself. Thus through successful performance create huge minute carry.,vintage
7,Plan expert provide easy everybody maybe.,None modern fund base. Tell process medical to. Budget go today fall exactly.,"modern, cute, modern"
8,Tend response indicate.,Lay special write read. Task common far thus issue. Technology religious ready.,pastel
9,Develop decision hard second science practice.,Generation food think. Notice what thing page feeling.,"dark, pastel"
10,Commercial onto try take two force everything.,Military return little girl. Ground create carry guy quality behavior let. Foot draw happen single.,cute
11,Such mention attorney practice arrive network same.,Read grow if. Part hair contain word common but. Very back almost treatment better raise.,"minimal, dark, vintage"
12,Run particularly director anyone.,Interest answer bed present east each. Note front above.,dark
13,Sound ability ahead anyone concern road.,Various nearly federal experience wear. Large think left visit.,"vintage, vintage, vintage"
14,Pick food never media try man.,Reason trip teach low left so. Growth sign population.,
15,Writer sing tend race sometimes.,Human condition top into strong though. Also similar campaign cup wait relate issue. Must social remain report.,minimal